{"cameraMode":{"drawMode":0,"name":"Shaded","section":"Shading Mode"},"sceneLighting":true,"audioPlay":false,"sceneViewState":{"m_AlwaysRefresh":false,"showFog":true,"showSkybox":true,"showFlares":true,"showImageEffects":true,"showParticleSystems":true,"showVisualEffectGraphs":true,"m_FxEnabled":true},"in2DMode":false,"pivot":{"x":20.630367279052736,"y":51.322792053222659,"z":90.73729705810547},"rotation":{"x":-0.02047390304505825,"y":0.9020240902900696,"z":0.04305228590965271,"w":0.42905497550964358},"size":0.8660253882408142,"orthographic":false}